Copy of 5994.jpg,youtube showing me ads that i cant  skip
,
,
,
,
134.jpg,wy are o gay
,
105.jpg,wiat the hell
11.jpg,whats your response to  you smell like weed
49.jpg,what the  is even that
,
,
,
,
12.jpg,telling
Copy of 187.jpg,she save him 8  e  o  meri wali to jio se    bhi miscall maart hai  3h  135likes reply
,
,
055.jpg,result    
120.jpg,really right in front of  my weed  ™ 4
3.jpg,really right in front of  my dino nuggets
35.jpg,really right in frant of  my crack rock     
,
,
097.jpg,pushpa
,
,
022.jpg,one mistake  result
,
,
,
,
,
,
122.jpg,normal  people  brain
,
,
,
,
,
25.jpg,my brother in  christ  run that shit by me  again
140.jpg,my brother in  christ  run that shit by
52.jpg,mayhe  should destroy this app  ke
,
,
,
,
,
,
,
,
,
,
,
,
,
,
,
110.jpg,hello jesus coma to fecebook its  urgent
,
Copy of 1028.png,gun control” doesn’t mean what you think it means  it means only the state will have guns  «    n  1  31  ny  1t you think thats a good idea you need to read a history hook
images_5.jpg,games make kids aggressive    e  rd    i  v  4  s014m going t0 teach  the grming industry 2 lessont
test.jpg,fuck  you bitch
,
1.jpg,fdidint areate fly  for thiz kind cf  hit
,
,
167.jpg,ey  o  et izardo o    yau‘w new ‘gay  press  to cancel
,
,
,
,
,
,
,
,
156.jpg,dear girls this guy is very  handsome adl him  b
157.jpg,congrats you have meet bts army  you are now gay”  press  to cancel
9.jpg,congrats you b weet rigardo milos  l  ymhle ngw gay  press  to cancel
,
,
,
,
,
,
125.jpg,are you  gagoing me
201.jpg,admin gay b
,
,
,
,
,
51.jpg,—y   fucking ussless
,
,
,
112.jpg,‘whese are yon watching fram  w  w        
,
,
,
,
,
171.jpg,a condom  would have  prevented  this post
,
test2.png,4 a   fuck you bitch   —— 
